包含,车辆类型,消防救援车类型,水罐消防车(SG)
包含,车辆类型,消防救援车类型,二氧化碳消防车(EY)
包含,车辆类型,消防救援车类型,细水雾消防车
包含,车辆类型,消防救援车类型,灭火类消防车
包含,车辆类型,消防救援车类型,干粉二氧化碳联用消防车
包含,车辆类型,消防救援车类型,举高类消防车
包含,车辆类型,消防救援车类型,其他灭火消防车
包含,车辆类型,消防救援车类型,专勤类消防车
包含,车辆类型,消防救援车类型,登高平台消防车(DG)
包含,车辆类型,消防救援车类型,战勤保障消防车
包含,车辆类型,消防救援车类型,云梯消防车(YT)
包含,车辆类型,消防救援车类型,机场消防车(JX)
包含,车辆类型,消防救援车类型,举高喷射消防车(JP)
包含,车辆类型,消防救援车类型,防爆消防车
包含,车辆类型,消防救援车类型,其他举高消防车
包含,车辆类型,消防救援车类型,轨道消防车(GD)
包含,车辆类型,消防救援车类型,抢险救援消防车(JY)
包含,车辆类型,消防救援车类型,其他类消防车
包含,车辆类型,消防救援车类型,排烟消防车(PY)
包含,车辆类型,消防救援车类型,泡沫消防车(PM)
包含,车辆类型,消防救援车类型,照明消防车(ZM)
包含,车辆类型,消防救援车类型,排烟照明消防车(PZ)
包含,车辆类型,消防救援车类型,高倍泡沫排烟消防车(PP)
包含,车辆类型,消防救援车类型,水带敷设消防车(DF)
包含,车辆类型,消防救援车类型,化学事故抢险救援消防车
包含,车辆类型,消防救援车类型,化学洗消消防车(XH)
包含,车辆类型,消防救援车类型,核生化侦检消防车(ZJ)
包含,车辆类型,消防救援车类型,勘察消防车(KC)
包含,车辆类型,消防救援车类型,通讯指挥消防车(TZ)
包含,车辆类型,消防救援车类型,宣传消防车(XC)
包含,车辆类型,消防救援车类型,压缩空气泡沫消防车
包含,车辆类型,消防保障车型,强臂破拆车
包含,车辆类型,消防保障车型,模块车
包含,车辆类型,消防摩托车,灭火消防摩托车
包含,车辆类型,消防保障车型,防化救援车
包含,车辆类型,消防摩托车,抢险救援摩托车
包含,车辆类型,消防救援车类型,其他专勤消防车
包含,车辆类型,消防摩托车,其他消防摩托车
包含,车辆类型,消防救援车类型,器材消防车(QC)
包含,车辆类型,消防救援车类型,供水消防车(GS)
包含,车辆类型,消防救援车类型,供液消防车(GY)
包含,车辆类型,消防救援车类型,供气消防车(GQ)
包含,车辆类型,消防救援车类型,自卸式消防车(ZX)
包含,车辆类型,消防保障车型,装备抢修车
包含,车辆类型,消防救援车类型,高倍泡沫消防车(GP)
包含,车辆类型,消防保障车型,饮食保障车
包含,车辆类型,消防保障车型,加油车
包含,车辆类型,消防保障车型,运兵车
包含,车辆类型,消防保障车型,宿营车
包含,车辆类型,消防保障车型,卫勤保障车
包含,车辆类型,消防保障车型,发电车
包含,车辆类型,消防保障车型,淋浴车
包含,车辆类型,消防保障车型,挖掘车
包含,车辆类型,消防保障车型,装备拖车
包含,车辆类型,消防保障车型,吊车
包含,车辆类型,消防救援车类型,泵浦消防车(BP)
包含,车辆类型,消防救援车类型,其他后援消防车
包含,车辆类型,消防救援车类型,机场快速调动消防车
包含,车辆类型,消防救援车类型,机场主力泡沫消防车
包含,车辆类型,消防救援车类型,其他机场消防车
包含,车辆类型,消防救援车类型,防爆消防车
包含,车辆类型,消防救援车类型,轨道消防车(GD)
包含,车辆类型,消防救援车类型,履带式消防车
包含,车辆类型,消防摩托车,灭火消防摩托车
包含,车辆类型,消防摩托车,抢险救援摩托车
包含,车辆类型,消防摩托车,其他消防摩托车
包含,车辆类型,消防救援车类型,干粉消防车(GF)
包含,车辆类型,消防救援车类型,水陆两用消防车
包含,车辆类型,消防救援车类型,全地形消防车
包含,车辆类型,消防救援车类型,重型水罐泡沫消防车
包含,车辆类型,消防救援车类型,干粉泡沫联用消防车(GP)
包含,车辆类型,消防救援车类型,干粉水联用消防车(GL)
包含,车辆类型,消防救援车类型,涡喷消防车(WP)
包含,车辆类型,交通事故车辆类型,长途车
包含,车辆类型,交通事故车辆类型,列车
包含,车辆类型,交通事故车辆类型,火车
包含,车辆类型,交通事故车辆类型,公交车
包含,车辆类型,交通事故车辆类型,客车
包含,车辆类型,交通事故车辆类型,大货车
包含,车辆类型,交通事故车辆类型,越野车
包含,车辆类型,交通事故车辆类型,三轮摩托车
包含,车辆类型,交通事故车辆类型,旅游包车
包含,车辆类型,交通事故车辆类型,电动车
包含,车辆类型,交通事故车辆类型,混凝土罐车
包含,车辆类型,交通事故车辆类型,货车
包含,车辆类型,交通事故车辆类型,吊车
包含,车辆类型,交通事故车辆类型,出租车
包含,车辆类型,交通事故车辆类型,工程车
包含,车辆类型,交通事故车辆类型,商务车
包含,车辆类型,交通事故车辆类型,洒水车
包含,车辆类型,交通事故车辆类型,运渣车
包含,车辆类型,交通事故车辆类型,校车
包含,车辆类型,交通事故车辆类型,游览车
包含,车辆类型,交通事故车辆类型,救护车
包含,车辆类型,交通事故车辆类型,清洁车
包含,车辆类型,交通事故车辆类型,中巴车
